id,name
410,For father in his name day
411,For mother in her name day
412,For father in his name day
413,For father in his name day
415,To Eustachy Marylski in Pęcice
416,To parents in Warsaw
417,Letter from Fryderyk Chopin to family
419,To Wilhelm Kolberg
418,To family in Warsaw
420,To family in Warsaw
421,Letter from Fryderyk Chopin to family
422,Letter from Fryderyk Chopin to family
423,Letter from Fryderyk Chopin to family
425,To Jan Białobłocki in Sokołowo
426,To Jan Białobłocki in Sokołowo
429,To family in Warsaw
428,To Jan Matuszyński in Warsaw
424,To Jan Białobłocki in Sokołowo
430,To Jan Białobłocki in Sokołowo
431,To Jan Białobłocki in Biskupiec
432,To Jan Białobłocki in Biskupiec
433,To Jan Białobłocki in Sokołowo
434,To Jan Białobłocki in Biskupiec
435,To Jan Białobłocki in Sokołowo
436,To Jan Białobłocki in Sokołowo
437,To Wilhelm Kolberg in Warsaw
438,Wojciech Żywny to Fr. Chopin in Duszniki
439,To Józef Elsner in Warsaw
440,To Jan Białobłocki in Sokołowo
441,To Jan Białobłocki in Sokołowo
442,To Jan Białobłocki in Sokołowo
427,Letter from Fryderyk Chopin to family
443,To Jan Matuszyński in Warsaw
444,To Tytus Woyciechowski in Poturzyn
445,To family in Warsaw
446,To family in Warsaw
447,To family in Warsaw
448,To Tytus Woyciechowski in Poturzyn
449,"Nicolas Chopin to St. Grabowski, the Minister of Religious Denominations and Public Enlightenment in Warsaw"
450,To family in Warsaw
451,To family in Warsaw
452,To family in Warsaw
453,To family in Warsaw
455,Wilhelm Würfel to Director Štěpánek in Prague
454,To family in Warsaw
456,To family in Warsaw
457,To family in Warsaw
663,To Tytus Woyciechowski in Poturzyn
664,To Tytus Woyciechowski in Poturzyn
665,To Tytus Woyciechowski in Poturzyn
666,Antoni Radziwiłł to Fr. Chopin in Warsaw
667,To Tytus Woyciechowski in Poturzyn
668,To Tytus Woyciechowski in Poturzyn
669,To Tytus Woyciechowski in Poturzyn
670,To Tytus Woyciechowski in Poturzyn
671,To Tytus Woyciechowski in Poturzyn
672,To Tytus Woyciechowski in Poturzyn
673,To Tytus Woyciechowski in Poturzyn
674,To Tytus Woyciechowski in Poturzyn
675,To Tytus Woyciechowski in Poturzyn
676,To Tytus Woyciechowski in Poturzyn
677,To Tytus Woyciechowski in Poturzyn
678,To Tytus Woyciechowski in Poturzyn
679,To Tytus Woyciechowski in Poturzyn
680,To family in Warsaw
681,To family in Warsaw
682,To family in Warsaw
683,To Jan Matuszyński in Warsaw
684,To family in Warsaw
685,To family in Warsaw
686,To Jan Matuszyński in Warsaw
689,To Jan Matuszyński in Warsaw
688,To Jan Matuszyński in Warsaw
690,To Józef Elsner in Warsaw
687,From Album-Diary of Frederic Chopin
691,From Album-Diary of Frederic Chopin
692,To family in Warsaw
693,To Václav Hanka in Prague
694,To family in Warsaw
695,To family in Warsaw
696,Nicolas Chopin to Fr. Chopin in Munich
697,Stefan Witwicki to Fr. Chopin in Vienna
698,To family in Warsaw
699,To family in Warsaw
700,From Album-Diary of Frederic Chopin
701,To Norbert Alfons Kumelski in Berlin
705,Józef Elsner to Fr. Chopin in Paris
703,Izabela Chopin to Fr. Chopin in Paris
704,Ludwika Chopin to Fr. Chopin in Paris
702,Nicolas Chopin to Fr. Chopin in Paris
1347,Letter from Ferdinando Paër to C. P. Sotte
706,Ludwik Piotr Norblin to Fr. Chopin in Paris
708,To Tytus Woyciechowski in Poturzyn
458,To Józef Elsner in Warsaw
459,To Tytus Woyciechowski in Poturzyn
460,Nicolas Chopin to Fr. Chopin in Paris
461,Ludwika Chopin to Fr. Chopin in Paris
462,To the Commitee of the Concert Society in Paris
463,To Józef Nowakowski in Warsaw
465,Ludwika Chopin to Fr. Chopin in Paris
464,Nicolas Chopin to Fr. Chopin in Paris
487,To Julian Fontana in Paris
466,To Ferdinand Hiller in Frankfurt
468,Juliusz Słowacki to his mother in Krzemieniec
469,Ludwik Piotr Norblin to Fr. Chopin in Paris
470,To Kalasanty Jędrzejewicz in Warsaw
514,To Julian Fontana in Paris
473,Letter from Józef Elsner to Fryderyk Chopin
472,Kalasanty Jędrzejewicz to Fr. Chopin in Paris
471,Nicolas Chopin to Fr. Chopin in Paris
475,To Dominik Dziewanowski in Berlin
476,To the chairman of Polish Literary Society in Paris
495,Nicolas Chopin to Fr. Chopin in Paris
496,Izabela Chopin to Fr. Chopin in Paris
477,Henri Herz to Fr. Chopin in Paris
479,Antoni Barciński to Fr. Chopin in Paris
478,Nicolas Chopin to Fr. Chopin in Paris
480,"Franz Liszt, Fr. Chopin and Auguste Franchomme to Ferdinand Hiller in Frankfurt"
467,To Auguste Franchomme in Tours
481,Letter from Fryderyk Chopin to Auguste Franchomme
482,Nicolas Chopin to Fr. Chopin in Paris
499,Ferenc Liszt to Fr. Chopin in Paris
483,Izabela Chopin to Fr. Chopin in Paris
484,Antoni Barciński to Fr. Chopin in Paris
485,Michał Skarbek to Fr. Chopin in Paris
509,Hector Berlioz to Fr. Chopin in Paris
511,To Julian Fontana in Paris
488,François Fétis to Fr. Chopin in Paris
490,Adam Crémieux to Fr. Chopin in Paris
489,Adam Crémieux to Fr. Chopin in Paris
491,Nicolas Chopin to Fr. Chopin in Paris
486,To Julian Fontana in Paris
492,Nicolas Chopin to Fr. Chopin in Paris
493,Izabela Chopin to Fr. Chopin in Paris
497,Hector Berlioz to Fr. Chopin in Paris
494,To Regina Hiller in Paris
510,Auguste Franchomme to Fr. Chopin in Paris
498,To Feliks Wodziński in Geneva
501,Ludwika Jędrzejewicz to Fr. Chopin in Paris
500,Nicolas Chopin to Fr. Chopin in Paris
502,Izabela Chopin to Fr. Chopin in Paris
504,Letter from Józef Elsner to Fryderyk Chopin
505,Friedrich Kalkbrenner to Fr. Chopin in Paris
506,Letter from Józef Dwernicki to Fryderyk Chopin
507,Anna Liszt to Fr. Chopin in Paris
508,Mikołaj Chopin to Fr. Chopin in Paris
594,Marie d’Agoult to Fr. Chopin in Paris
474,Ferdinand Hiller to Fr. Chopin in Paris
513,Ludwika Jędrzejewicz to Fr. Chopin in Paris
512,Nicolas Chopin to Fr. Chopin in Paris
515,Letter from Józef Bem to Fryderyk Chopin
516,Teresa Wodzińska to Fr. Chopin
517,Astolphe de Custine to Fr. Chopin in Paris
1364,Letter from Leopold Thun-Hohenstein to Louis Kleinwächter and Carl Helminger
518,Nicolas Chopin to Fr. Chopin in Paris
519,Wojciech Żywny to Fr. Chopin in Paris
520,Edward Wolff to Józef Nowakowski in Warsaw
521,Nicolas Chopin to Kalasanty Jędrzejewicz in Warsaw
522,To Kalasanty Jędrzejewicz in Warsaw
523,Nicolas Chopin to Fr. Chopin in Dresden
524,Maria Wodzińska to Fr. Chopin in Paris
526,Antoni Wodziński to Teresa Wodzińska in Służew
525,Felix Mendelssohn-Bartholdy to Fanny Hensel
1374,Letter from Jane Wilhelmina Stirling to Ludwika Jędrzejewicz
527,Gen. Józef Bem to Fr. Chopin in Paris
528,Nicolas Chopin to Fr. Chopin in Paris
529,Izabela Barcińska to Fr. Chopin in Paris
530,Ludwika Jędrzejewicz to Fr. Chopin in Paris
533,Nicolas Chopin to Jan Matuszyński in Paris
1414,Letter–card from Fryderyk Chopin to Julian Fontana
562,To Julian Fontana in Paris
535,Marie d’Agoult to Fr. Chopin in Paris
567,Ernest Legouvé to Fr. Chopin in Paris
532,Nicolas Chopin to Fr. Chopin in Paris
534,Astolphe de Custine to Fr. Chopin in Paris
536,Teresa Wodzińska to Fr. Chopin in Paris
539,To Antoni Barciński in Warsaw
572,Astolphe de Custine to Fr. Chopin in Paris
537,Marie d’Agoult to Fr. Chopin in Paris
540,François Fétis to Fr. Chopin in Paris
541,To François Fétis in Brussels
543,Robert Schumann to Frederic Chopin in Paris
542,Felix Mendelssohn-Bartholdy to Fr. Chopin in Paris
548,Antoni Barciński to Fr. Chopin in Paris
547,Nicolas Chopin to Fr. Chopin in Paris
546,Ludwika Jędrzejewicz to Fr. Chopin in Paris
544,Nicolas Chopin to Fr. Chopin in Paris
549,Anna Liszt to Fr. Chopin in Paris
550,Ferdinand Hiller to Fr. Chopin in Paris
551,Astolphe de Custine to Fr. Chopin in Paris
552,Gen. Józef Bem to Fr. Chopin in Paris
553,Robert Schumann to Fr. Chopin in Dresden
554,Robert Schumann to Henryk Dorn in Riga
555,Teresa Wodzińska to Fr. Chopin in Paris
557,Kazimierz Wodziński to Fr. Chopin in Paris
558,Maria Wodzińska to Fr. Chopin in Paris
575,Astolphe de Custine to Fr. Chopin in Paris
560,Maria Wodzińska to Fr. Chopin in Paris
559,Teresa Wodzińska to Fr. Chopin in Paris
561,To Teresa Wodzińska in Służew
565,To Józef Brzowski in Paris
564,To Józef Brzowski in Paris
591,To Wojciech Grzymała in Paris
531,To Julian Fontana in Paris
573,Astolphe de Custine to Fr. Chopin in Paris
574,Astolphe de Custine to Fr. Chopin in Paris
589,Jacques Fromental Halévy to Fr. Chopin in Paris
566,Ernest Legouvé to Fr. Chopin in Paris
592,To Wojciech Grzymała in Paris
588,Jacques Fromental Halévy to Fr. Chopin in Paris
568,Teresa Wodzińska to Fr. Chopin in Paris
569,Maria Wodzińska to Fr. Chopin in Paris
570,Justyna Chopin to Fr. Chopin in Paris
581,Astolphe de Custine to Fr. Chopin in Paris
576,George Sand to Ferenc Liszt in Paris
577,To Teresa Wodzińska in Służew
578,George Sand to Marie d’Agoult in Paris
579,To Teresa Wodzińska in Służew
580,To Antoni Wodziński in Saragossa
583,To Teresa Wodzińska in Służew
582,Astolphe de Custine to Fr. Chopin in Paris
585,Letter from Fryderyk Chopin to Julian Fontana
586,To Wojciech Grzymała in Paris
587,To Teresa Wodzińska in Służew
593,To Auguste Franchomme in Paris
538,To Camille Pleyel in Paris
571,Maria Wodzińska to Fr. Chopin in Paris
590,Teresa Wodzińska to Fr. Chopin in Paris
596,Astolphe de Custine to Fr. Chopin in Paris
599,To an unknown recipient in Paris
595,To baron de Trémont in Paris
597,Astolphe de Custine to Fr. Chopin in Paris
598,Teresa Wodzińska to Fr. Chopin in Paris
601,George Sand to Eugène Delacroix in Paris
563,To Julian Fontana in Paris
600,George Sand to Fr. Chopin in Paris
602,George Sand to Wojciech Grzymała in Paris
604,To Wojciech Grzymała in Paris
605,To Wojciech Grzymała in Paris
584,Astolphe de Custine to Fr. Chopin in Paris
603,George Sand to Wojciech Grzymała in Paris
606,To Maurice Schlesinger in Paris
607,Félicien Mallefille do Fr. Chopin in Paris
608,Eugène Delacroix to J.B. Pierret in Paris
610,George Sand to Charlotte Marliani in Paris
611,Letter from Fryderyk Chopin to Julian Fontana
612,To Camille Pleyel in Paris
613,To Wojciech Grzymała in Paris
615,To Wojciech Grzymała in Paris
614,Letter from Fryderyk Chopin to Julian Fontana
616,To Julian Fontana in Paris
617,To Julian Fontana in Paris
653,To Charles Alkan in Paris
619,To Camille Pleyel in Paris
618,To Julian Fontana in Paris
620,To Julian Fontana in Paris
622,To Camille Pleyel in Paris
624,To Wojciech Grzymała in Paris
623,Letter from Fryderyk Chopin to Julian Fontana
626,Letter from Fryderyk Chopin to Julian Fontana
625,To Julian Fontana in Paris
627,To Wojciech Grzymała in Paris
628,To Ernest Canut in Palma de Mallorca
632,Hector Berlioz to Fr. Chopin in Marseille
629,To Wojciech Grzymała in Paris
630,To Wojciech Grzymała in Paris
621,To Julian Fontana in Paris
631,To Julian Fontana in Paris
633,To Wojciech Grzymała in Paris
634,Juliusz Słowacki to Konstanty Gaszyński in Paris
636,To Wojciech Grzymała in Paris
635,Letter from Fryderyk Chopin and George Sand to Wojciech Grzymała 
637,To Wojciech Grzymała in Paris
638,Letter from Fryderyk Chopin and George Sand to Wojciech Grzymała
639,To Julian Fontana in Paris
640,To Julian Fontana in Paris
641,To Wojciech Grzymała in Paris
642,To Julian Fontana in Paris
643,To Julian Fontana in Paris
644,To Wojciech Grzymała in Paris
645,Letter from Fryderyk Chopin to Julian Fontana
662,To Julian Fontana in Bordeaux
652,Eugène Delacroix to Fr. Chopin in Paris
646,To Julian Fontana in Paris
647,To Julian Fontana in Paris
648,To Julian Fontana in Paris
649,To Julian Fontana in Paris
651,To Wojciech Grzymała in Paris
650,To Julian Fontana in Paris
660,To Breitkopf & Härtel company in Leipzig
655,Astolphe de Custine to Fr. Chopin in Paris
658,Astolphe de Custine to Fr. Chopin in Paris
654,Astolphe de Custine to Fr. Chopin in Paris
656,To the Grand Duke of Baden in Heidelberg
657,To Maurice Schlesinger in Paris
659,To Maurice Schlesinger in Paris
661,Astolphe de Custine to Fr. Chopin in Paris
12,Stefan Witwicki to Fr. Chopin in Paris
1,Józef Elsner to Fr. Chopin in Paris
2,Stefan Witwicki to Fr. Chopin in Paris
3,Letter from Stefan Witwicki to Fryderyk Chopin
4,To Julian Fontana in Bordeaux
1343,Letter from Gaetano Donizetti to Fryderyk Chopin
5,To Ludwik Plater in Paris
6,To Konstanty Gaszyński in Aix
7,To Breitkopf & Härtel company in Leipzig
10,Hector Berlioz to Fr. Chopin in Paris
8,Maurice Schlesinger to Fr. Chopin in Paris
9,To Józef Elsner in Warsaw
11,George Sand to Fr. Chopin in Paris
26,To Seweryn Goszczyński in Paris
27,George Sand to Marie de Rozières in Paris
13,Eugène Delacroix to Fr. Chopin in Paris
17,To Auguste Léo in Paris
18,To Auguste Franchomme in Paris
60,Charles Alkan to Fr. Chopin in Paris
19,To Auguste Franchomme in Paris
14,Publisher Sina to Fr. Chopin in Paris
947,George Sand to Maria de Rozières
16,Ludwika Jędrzejewicz to Fr. Chopin in Paris
15,Nicolas Chopin to Fr. Chopin in Paris
24,Letter from Fryderyk Chopin to Adolf Gutmann 
21,Heinrich Heine to Fr. Chopin in Paris
22,Eugène Delacroix to George Sand in Paris
23,Stefan Witwicki to Fr. Chopin in Paris
25,To Breitkopf & Härtel company in Leipzig
28,To Antoni Schindler in Aachen
29,To Julian Fontana in Paris
31,To Julian Fontana in Paris
32,To Julian Fontana in Paris
33,Letter from Fryderyk Chopin to Julian Fontana
34,To Julian Fontana in Paris
36,To Julian Fontana in Paris
35,To Schuberth & Co. company in Hamburg
37,Katharina Diller de Pereira to Fr. Chopin in Paris
38,Letter from Fryderyk Chopin to Julian Fontana
39,To Julian Fontana in Paris
40,To Julian Fontana in Paris
41,To Julian Fontana in Paris
42,To Pietro Mechetti in Vienna
43,To Julian Fontana in Paris
44,Letter from Fryderyk Chopin to Julian Fontana
45,To Julian Fontana in Paris
1366,Letter from Fryderyk Chopin to Julian Fontana
46,To Julian Fontana in Paris
47,To Julian Fontana in Paris
48,To George Sand in Nohant
49,To Julian Fontana in Paris
50,To Maurice Schlesinger in Paris
51,To Julian Fontana in Paris
52,Letter from Fryderyk Chopin to Julian Fontana
53,To Julian Fontana in Paris
54,To Julian Fontana in Paris
55,To Julian Fontana in Paris
56,To Julian Fontana in Paris
57,To Julian Fontana in Paris
58,To Julian Fontana in Paris
59,To Breitkopf & Härtel company in Leipzig
65,To Józefa Turowska in Paris
64,To Stefan Witwicki in Paris
61,To Breitkopf & Härtel company in Leipzig
63,Ludwika Jędrzejewicz to Fr. Chopin in Paris
62,Nicolas Chopin to Fr. Chopin in Paris
94,Izabela Barcińska to Fr. Chopin in Paris
73,Ernest Legouvé to Fr. Chopin in Paris
102,To Adolf Cichowski in Paris
99,To Camille Pleyel in Paris
84,To Camille Pleyel in Paris
74,To Charles Alkan in Paris
72,To Wojciech Grzymała in Paris
80,Józef Damse to Fr. Chopin in Paris
71,To Wojciech Grzymała in Paris
69,Ludwika Jędrzejewicz to Fr. Chopin in Paris
66,Ernest Legouvé to Fr. Chopin in Paris
67,Justyna Chopin to Fr. Chopin in Paris
75,To Wojciech Grzymała in Paris
68,Nicolas Chopin to Fr. Chopin in Paris
70,Stefan Witwicki to Fr. Chopin in Paris
76,George Sand to Marie de Rozières in Paris
714,Alexandre Joseph Artôt to Fr. Chopin in Paris
77,To Wojciech Grzymała in Paris
78,Eugène Delacroix to George Sand in Nohant
85,Adam Mickiewicz to Fr. Chopin in Paris
79,Józef Elsner to Fr. Chopin in Paris
81,Eugène Delacroix to J.B. Pierret in Paris
83,Eugène Delacroix to George Sand in Nohant
82,Eugène Delacroix to J.B. Pierret in Paris
86,To Mrs. Franchomme in Paris
87,Eugène Delacroix to George Sand in Nohant
88,To Camille Pleyel in Paris
89,Letter from Fryderyk Chopin to Wojciech Grzymała
90,Eugène Delacroix to Gustave Planche in Naples
100,Stefan Witwicki to Fr. Chopin in Paris
169,To Wojciech Grzymała in Paris
91,Nicolas Chopin to Fr. Chopin in Paris
92,Ludwika Jędrzejewicz to Fr. Chopin in Paris
95,Stefan Witwicki to Fr. Chopin in Paris
96,To Józef Elsner in Warsaw
98,Friedrich Kalkbrenner to Fr. Chopin in Paris
97,To Tomasz Nidecki in Warsaw
715,To Anne Caroline de Belleville-Oury in London
101,To Breitkopf & Härtel company in Leipzig
125,To Stefan Witwicki in Paris
105,To doctor Molin in Paris
119,To an unknown female recipient
126,To an unknown recipient in Paris
103,To Tomasz Nidecki in Warsaw
104,Ferenc Liszt to Fr. Chopin in Paris
106,Solange Dudevant to Maurice Dudevant in Nohant
108,To Zofia Rozengart in Paris
110,To Wojciech Grzymała in Paris
109,To Maurice Schlesinger in Paris
111,To George Sand in Nohant
112,Eugène Delacroix to George Sand in Nohant
121,Solange Dudevant to Maurice Dudevant in Paris
118,Klementyna Hoffman (Tańska) to Fr. Chopin in Paris
113,To Auguste Léo in Paris
115,Letter from Fryderyk Chopin to Auguste Léo
114,To Wojciech Grzymała in Paris
116,Adam Crémieux to Fr. Chopin in Paris
117,To George Sand in Nohant
120,To George Sand in Nohant
122,To Breitkopf & Härtel company in Leipzig
123,To Härtel from Breitkopf & Härtel company in Leipzig
128,To Zofia Rozengart in Paris
127,To Zofia Rozengart in Paris
178,Klementyna Hoffman (Tańska) to Fr. Chopin in Paris
164,To Adolf Cichowski in Paris
165,To Adolf Cichowski in Paris
171,To Wojciech Grzymała in Paris
175,To Adolf Cichowski in Paris
172,To Adolf Cichowski in Paris
173,To Adolf Cichowski in Paris
170,Wojciech Grzymała to Fr. Chopin in Paris
135,Izabela Barcińska to Fr. Chopin in Paris
174,To Adolf Cichowski in Paris
177,Letter from Fryderyk Chopin to Auguste Franchomme 
129,George Sand to Doctor Molin in Paris
131,George Sand to Doctor Molin in Paris
130,George Sand to Auguste Franchomme in Paris
132,George Sand to Justyna Chopin in Warsaw
134,Antoni Barciński to Fr. Chopin in Paris
136,George Sand to Fr. Chopin in Paris
133,Justyna Chopin to George Sand in Paris
140,George Sand to Ludwika Jędrzejewicz in Paris
138,To Marie de Rozières in Paris
137,To Breitkopf & Härtel company in Leipzig
139,To Wojciech Grzymała in Paris
141,To Auguste Franchomme in Paris
143,To Auguste Franchomme in Paris
142,Auguste Franchomme to Fr. Chopin in Nohant
144,To Auguste Franchomme in Paris
145,To Marie de Rozières in Paris
148,George Sand to Ludwika Jędrzejewicz in Paris
146,Karol Lipiński to Fr. Chopin in Paris
147,To Wojciech Grzymała in Paris
149,To Marie de Rozières in Paris
150,To Marie de Rozières in Paris
151,Letter from Fryderyk Chopin to Marie de Rozières
152,Letter from Fryderyk Chopin and George Sand to Ludwika Jędrzejewicz 
153,George Sand to Ludwika Jędrzejewicz in Warsaw
154,To Auguste Franchomme in Paris
155,To George Sand in Nohant
179,Eugène Delacroix to Fr. Chopin in Paris
180,Eugène Delacroix to Fr. Chopin in Paris
156,Letter from Fryderyk Chopin to Marie de Rozières
158,To Ludwika Jędrzejewicz in Warsaw
157,Letter from Fryderyka Chopin to Marie de Rozières 
159,Letter from Felix Mendelssohn-Bartholdy to Fryderyk Chopin
160,Letter from Fryderyk Chopin to Marie de Rozières
161,To Marie de Rozières in Paris
176,To Maurice Schlesinger in Paris
162,To George Sand in Nohant
163,To George Sand in Nohant
166,Bohdan Zaleski to Fr. Chopin in Paris
168,Letter from Fryderyk Chopin to Marie de Rozières
167,Ernest Legouvé to Fr. Chopin in Paris
196,To Antoni Kątski in Paris
192,To Adolf Cichowski in Paris
193,To Adolf Cichowski in Paris
191,To Adolf Cichowski in Paris
185,To Adolf Cichowski in Paris
186,To Adolf Cichowski in Paris
181,To Krystyn Ostrowski in Paris
182,Friedrich Kalkbrenner to Fr. Chopin in Paris
184,Juliusz Słowacki to his mother in Krzemieniec
183,Charles Alkan to Fr. Chopin in Paris
187,Eugène Delacroix to Fr. Chopin in Paris
188,To Zofia Rozengart in Paris
195,George Sand to Ludwika Jędrzejewicz in Paris
189,Copy in an undetermined hand of the letter and envelope from George Sand to Stefan Witwicki
190,Letter from Fryderyk Chopin to Stefan Witwicki
194,To an unknown recipient in Paris
199,George Sand to Ludwika Jędrzejewicz in Warsaw
197,To Auguste Léo in Paris
198,To Wojciech Grzymała in Paris
201,Letter from Fryderyk Chopin to family
200,George Sand to Ludwika Jędrzejewicz in Warsaw
202,To Marie de Rozières in Paris
203,To Mr. and Mrs. Jędrzejewicz in Warsaw
609,George Sand to Fr. Chopin in Paris
204,To Marie de Rozières in Paris
212,To Wojciech Grzymała in Paris
210,To Adolf Cichowski in Paris
214,Justyna Chopin to Fr. Chopin in Paris
205,To Felix Mendelssohn-Bartholdy in Berlin
206,Letter from Fryderyk Chopin to Auguste Léo 
207,George Sand to Ludwika Jędrzejewicz in Warsaw
208,To Wojciech Grzymała in Paris
209,Letter from Fryderyk Chopin to Marie de Rozières
213,Letter from Fryderyk Chopin to family
211,Friedrich Kalkbrenner to Fr. Chopin in Paris
215,To doctor Molin in Paris
218,To an unknown recipient in Paris
243,Félicité de Lamennais to Fr. Chopin
246,To an unknown recipient in Paris
247,Miss Mars to Fr. Chopin in Paris
219,George Sand to Ludwika Jędrzejewicz in Warsaw
217,Bohdan Zaleski to Fr. Chopin in Paris
221,George Sand to Maurice Dudevant
222,Ferenc Liszt to Fr. Chopin in Paris
223,Letter from Fryderyk Chopin to Marie de Rozières
220,George Sand to Ludwika Jędrzejewicz in Warsaw
224,To Auguste Franchomme in Paris
225,Eugène Delacroix to George Sand in Nohant
226,Eugène Delacroix to Fr. Villot in Champrosay
227,To Wojciech Grzymała in Paris
228,To Auguste Franchomme in Paris
229,To Auguste Léo in Paris
232,To Auguste Léo in Paris
233,Eugène Delacroix to George Sand in Nohant
234,To Auguste Franchomme in Paris
235,Letter from Fryderyk Chopin to Auguste Franchomme 
236,To Vera Rubio in Milan
231,To Marie de Rozières in Paris
238,George Sand to Ludwika Jędrzejewicz in Warsaw
237,Letter from Fryderyk Chopin to family
230,George Sand to Ludwika Jędrzejewicz in Warsaw
239,To Auguste Franchomme in Paris
240,To Breitkopf & Härtel company in Leipzig
241,Letter from Fryderyk Chopin to George Sand 
242,Adam Czartoryski and his wife to Fr. Chopin in Paris
244,To George Sand in Nohant
245,To George Sand in Nohant
252,To publisher Brandus in Paris
248,Félicité de Lamennais to Jane Stirling in Paris
216,To doctor Molin in Paris
249,Eugène Delacroix to Fr. Chopin in Paris
250,Letter from Fryderyk Chopin to George Sand 
251,To Wojciech Grzymała in Paris
256,Priest Aleksander Jełowicki to Fr. Chopin in Paris
267,To Józef Nowakowski in Paris
264,To Wojciech Grzymała in Paris
277,George Sand to Marie de Rozières in Paris
254,To Wojciech Grzymała in Paris
253,To Wojciech Grzymała in Paris
259,Ernest Legouvé to Fr. Chopin in Paris
255,Edmund Chojecki to Fr. Chopin in Paris
260,Ernest Legouvé to Fr. Chopin in Paris
262,Ernest Legouvé to Fr. Chopin in Paris
257,To George Sand in Nohant
258,To George Sand in Nohant
261,Ernest Legouvé to Fr. Chopin in Paris
265,To Wojciech Grzymała in Paris
266,To Wojciech Grzymała in Paris
263,Letter from Fryderyk Chopin to Wojciech Grzymała
269,Letter from Fryderyk Chopin to family
268,Letter from Fryderyk Chopin to George Sand 
270,To George Sand in Nohant
271,To George Sand in Nohant
272,George Sand to Marie de Rozières in Paris
274,Józef Elsner to Fr. Chopin in Paris
275,Eugène Delacroix to George Sand in Nohant
276,George Sand to Adolf Gutmann in Paris
273,Emil Jenike to Fr. Chopin in Paris
278,To George Sand in Nohant
280,To Solange Clésinger in Nohant
279,An announcement about the wedding of Solange Dudevant
281,George Sand to Wojciech Grzymała in Paris
282,To family in Warsaw
283,George Sand to Ludwika Jędrzejewicz in Warsaw
284,To Breitkopf & Härtel company in Leipzig
285,Solange Clésinger to Fr. Chopin in Paris
286,To Solange Clésinger in La Châtre
288,To George Sand in Nohant
287,George Sand to Fr. Chopin in Paris
294,To Solange Clésinger in Besançon
289,To Wojciech Grzymała in Paris
290,To Solange Clésinger in Besançon
291,Camille Billing de Courbonne to Fr. Chopin in Paris
292,Solange Clésinger to Fr. Chopin in Paris
305,Anna Czartoryska to Fr. Chopin in Paris
293,To Auguste Franchomme in Paris
1378,Letter from Fryderyk Chopin to Louis and Gemma Brandus 
300,To Solange Clésinger in Guillery
295,To Auguste Léo in Paris
296,Solange Clésinger to Fr. Chopin in Paris
297,Eugène Delacroix to George Sand in Nohant
298,To Solange Clésinger in Guillery
299,Letter from Fryderyk Chopin to Solange Clésinger
301,To Hipolit Błotnicki in Paris
302,To Auguste Franchomme in Paris
303,To Auguste Franchomme in Paris
306,Letter from Fryderyk Chopin to Ludwika Jędrzejewicz
304,Letter from Fryderyk Chopin to Solange Clésinger
308,Auguste Clésinger to Fr. Chopin in Paris
317,To Adolf Cichowski in Paris
327,To doctor Molin in Paris
312,To Marie Dorval in Paris
307,To Ludwik Piotr Norblin in Paris
309,Letter from Fryderyk Chopin to Ludwika Jędrzejewicz
310,Letter from Fryderyk Chopin to family
316,To Adolf Cichowski in Paris
311,Giacomo Meyerbeer to Fr. Chopin in Paris
315,Justyna Chopin to Fr. Chopin in Paris
313,To Solange Clésinger in Guillery
314,Auguste Clésinger to Fr. Chopin in Paris
318,To Solange Clésinger in Guillery
319,To Solange Clésinger in Guillery
320,Justyna Chopin to Fr. Chopin in Paris
321,Solange Clésinger to Fr. Chopin in Paris
322,To Solange Clésinger in Guillery
323,To Solange Clésinger in Guillery
324,Solange Clésinger to Fr. Chopin in Paris
326,Karol Gavard to Mr. Hall in London
325,To Julian Fontana in New York
328,Letter from Fryderyk Chopin to Wojciech Grzymała
329,Letter from Fryderyk Chopin to Karol Franciszek Szulczewski
330,To Auguste Franchomme in Paris
331,Ignaz Moscheles to Fr. Chopin in London
333,To Wojciech Grzymała in Paris
334,To Wojciech Grzymała in Paris
335,To an unknown recipient in Paris
336,Letter from Fryderyk Chopin to Wojciech Grzymała
337,To Solange Clésinger in Paris
338,Jane Welsh Carlyle to Jane W. Stirling in London
339,To Ignacy Krzyżanowski in London
340,Letter from Fryderyk Chopin to Wojciech Grzymała
341,To Wojciech Grzymała in Paris
342,To Camille Pleyel in Paris
347,To family in Warsaw
343,To Auguste Franchomme in Paris
344,To Camille Pleyel in Paris
345,Letter from Fryderyk Chopin to Julian Fontana
346,To Wojciech Grzymała in Paris
348,Letter from Fryderyk Chopin to Wojciech Grzymała
349,To Camille Pleyel in Paris
350,To Wojciech Grzymała in Paris
351,Letter from Fryderyk Chopin to Marie de Rozières
352,Letter from Fryderyk Chopin to Wojciech Grzymała
353,To Adolf Gutmann in Heidelberg
357,To Wojciech Grzymała in Paris
354,To Wojciech Grzymała in Paris
356,To Adam Łyszczyński in Edinburgh
358,Letter from Fryderyk Chopin to Marie de Rozières
359,To doctor Mallan in London
360,To Wojciech Grzymała in Paris
361,To doctor Mallan in London
362,To Solange Clésinger in Guillery
363,Marcelina Czartoryska to Władysław Czartoryski in Paris
364,Ferdinand Hiller to Fr. Chopin in Paris
380,To Adolf Cichowski in Paris
370,To Wojciech Grzymała in Paris
365,To Solange Clésinger in Guillery
372,To Adolf Cichowski in Paris
366,Pauline Viardot to George Sand in Nohant
367,To Solange Clésinger in Guillery
368,To Solange Clésinger in Guillery
369,Solange Clésinger to Fr. Chopin in Paris
371,Marcelina Czartoryska to Władysław Czartoryski in Paris
373,To Solange Clésinger in Guillery
375,Eugène Delacroix to Juliette de Forget in Paris
376,Justyna Chopin to Fr. Chopin in Paris
377,To Wojciech Grzymała
378,Letter from Fryderyk Chopin to Wojciech Grzymała
374,To Adolf Cichowski in Paris
379,Letter from Fryderyk Chopin to Ludwika Jędrzejewicz
384,Grille de Beuzelin to George Sand in Nohant
388,To Napoleon Orda in Paris
381,To Wojciech Grzymała
382,To Solange Clésinger in Guillery
383,To Wojciech Grzymała
385,Delfina Potocka to Fr. Chopin in Paris
386,George Sand to Grille de Beuzelin in Paris
387,Letter from Fryderyk Chopin to Wojciech Grzymała
392,To Auguste Franchomme in Paris
389,Letter from Fryderyk Chopin to Wojciech Grzymała
390,To Marie de Rozières in Chaudfontaine
391,To Adolf Cichowski in Paris
393,To Tytus Woyciechowski in Karlsbad
395,George Sand to Grille de Beuzelin in Paris
394,George Sand to Ludwika Jędrzejewicz in Paris
396,To Tytus Woyciechowski in Ostende
397,To Auguste Franchomme in Tours
399,Ludwika Jędrzejewicz to Kalasanty Jędrzejewicz in Warsaw
400,Marcelina Czartoryska to Kalasanty Jędrzejewicz in Warsaw
405,Pauline Viardot to George Sand in Nohant
404,Wojciech Grzymała to Auguste Léo in Paris
401,Priest Aleksander Jełowicki to Ksawera Grocholska
402,Adolf Gutmann to pianist Heinefetter in Mannheim
403,Eugène Delacroix to an unknown recipient in Paris
406,Eugène Delacroix to Ludwika Jędrzejewicz in Paris
408,Eugène Delacroix to an unknown recipient in Paris
407,Wojciech Grzymała to Auguste Léo in Paris
1375,Letter from Ludwika Jędrzejewicz to Izabella Barcińska
1472,Letter from Julian Fontana to Ludwika Jędrzejewicz
1500,Letter from Auguste–Mathieu Panseron to mister Moral [?]
409,Eugène Delacroix to Wojciech Grzymała in Paris
1376,Letter from Julian Fontana to Izabella Barcińska
1499,Letter from Aleksandra Karasowska to Izabella Barcińska
1501,Letter from Maurycy Karasowski to Izabella Barcińska
1497,Polish translation of the letter from Breitkopf & Härtel company to Izabella Barcińska
1494,Letter from Breitkopf & Härtel company to Izabella Barcińska
1496,Letter from Maurycy Karasowski to Izabella Barcińska
1478,Letter from Władysław Żeleński to Izabella Barcińska
1393,Letter from Fryderyk Chopin to Julian Fontana
1498,Letter from Katherine Erskine to Ludwika Jędrzejewicz
1495,Invitation from Susanne Gibson-Milner for Fryderyk Chopin
